question_id,category,patient_id,wave_reference,question,answer,verified,notes,temporal
EXT_TRAJ_001,trajectory,2c71dd97,Wave 5,"Across all waves, in which wave did patient 2c71dd97 reach their peak recorded Body Mass Index?",Wave 5 (48.5 kg/m2),correct,deterministic,True
EXT_TRAJ_002,trajectory,c85bba08,All waves,Did patient c85bba08's Body Mass Index show an overall increasing trend across all waves they appear in?,Yes -- BMI increased from 16.8 kg/m2 (Wave 5) to 30.6 kg/m2 (Wave 7),correct,deterministic,True
EXT_TRAJ_003,trajectory,0325261f,All waves,In how many waves did patient 0325261f have a recorded Systolic Blood Pressure above 130 mm[Hg]?,"3 waves (Wave 2, Wave 3, Wave 4)",correct,deterministic,True
EXT_TRAJ_004,trajectory,1686a27e,All waves,"Across all waves, what was the range of Body Weight recorded for patient 1686a27e (min to max)?",30.9 kg (Wave 5) to 97.2 kg (Wave 7),correct,deterministic,True
EXT_TRAJ_005,trajectory,09cbb3f1,Wave 5,In which wave did patient 09cbb3f1 have the highest number of distinct observations recorded?,Wave 5 (70 distinct observation types),correct,deterministic,True
EXT_COMORBID_001,comorbidity,449a9a85,All waves,In how many waves was patient 449a9a85 recorded with both Hypertension and at least one other active condition?,7 waves,correct,deterministic,True
EXT_COMORBID_002,comorbidity,13c98b78,All waves,Which condition was diagnosed first for patient 13c98b78 -- Hypertension or Anemia (disorder)?,"Hypertension was diagnosed first (Wave 2, 1996-05-30)",correct,deterministic,True
EXT_COMORBID_003,comorbidity,99070f34,Wave 6,Did patient 99070f34 ever have three or more conditions diagnosed in the same wave?,Yes -- Wave 6 had 12 conditions: Acute bronchitis (disorder); Prediabetes; Sprain of ankle; Escherichia coli urinary tract infection; Anemia (disorder) (and 7 more),correct,deterministic,True
EXT_COMORBID_004,comorbidity,0ace3e15,All waves,Was patient 0ace3e15 already diagnosed with Hypertension when they were first diagnosed with Viral sinusitis (disorder)?,"Yes -- Hypertension Wave 3 (2004-05-26), Viral sinusitis (disorder) Wave 5 (2014-03-16)",correct,deterministic,True
EXT_COMORBID_005,comorbidity,6ec18ddf,Wave 3,In which wave did patient 6ec18ddf have the highest comorbidity burden (most simultaneous active conditions)?,Wave 3 with 21 active conditions,correct,deterministic,True
EXT_MED_001,medication,3f336702,All waves,How many unique medications was patient 3f336702 ever prescribed across all waves?,18 unique medications,correct,deterministic,True
EXT_MED_002,medication,4f9dcdaa,Wave 1,In which wave was patient 4f9dcdaa first prescribed any medication?,"Wave 1 (1990-01-02, 120 ACTUAT Fluticasone propionate 0.044 MG/ACTUAT Metered Dose Inhaler)",correct,deterministic,True
EXT_MED_003,medication,010d4a3a,Wave 6,Did patient 010d4a3a receive a new medication in the same wave they were first diagnosed with Hypertension?,"Yes -- Hydrochlorothiazide 25 MG Oral Tablet prescribed Wave 6 (2016-07-24), same wave as Hypertension diagnosis (2016-07-24)",correct,deterministic,True
EXT_MED_004,medication,023a7d29,All waves,How many waves did patient 023a7d29 have at least one active medication?,"7 waves (Wave 1, Wave 2, Wave 3, Wave 4, Wave 5, Wave 6, Wave 7)",correct,deterministic,True
EXT_MED_005,medication,d5e83f2c,All waves,Was patient d5e83f2c prescribed more medications in later waves than earlier waves?,Yes -- 1 medications in early waves (W1/W2/W3) vs 12 in later waves (W4/W5/W6),correct,deterministic,True
EXT_INTRAWAVE_001,intrawave,09cbb3f1,Wave 5,How many distinct vital sign types were recorded for patient 09cbb3f1 in Wave 5?,70 distinct types,correct,deterministic,True
EXT_INTRAWAVE_002,intrawave,14289f20,Wave 6,What was the maximum recorded Systolic Blood Pressure for patient 14289f20 within Wave 6?,201 mm[Hg] (2017-01-07),correct,deterministic,True
EXT_INTRAWAVE_003,intrawave,2c71dd97,Wave 7,Did patient 2c71dd97 have both a BMI observation AND a blood pressure observation in Wave 7?,"Yes -- BMI: 48.5 kg/m2, SBP: 175 mm[Hg]",correct,deterministic,True
EXT_INTRAWAVE_004,intrawave,3f336702,Wave 6,What was the total number of health events (conditions + observations + medications) for patient 3f336702 in Wave 6?,"5155 total (3 conditions, 4182 observations, 970 medications)",correct,deterministic,True
EXT_INTRAWAVE_005,intrawave,252fc319,Wave 5,How many of patient 252fc319's conditions in Wave 5 were new (not present in any prior wave)?,9 new conditions: Acute bacterial sinusitis (disorder); Acute viral pharyngitis (disorder); Anemia (disorder); Facial laceration; Fetus with unknown complication (and 4 more),correct,deterministic,True
EXT_PATTERN_001,pattern,3f336702,Wave 6,Did patient 3f336702's medication count increase in the same wave they were diagnosed with a new condition?,"Yes -- Wave 6: new condition 'Acute bronchitis (disorder)', medications increased from 757 to 970",correct,deterministic,True
EXT_PATTERN_002,pattern,2335bebd,Wave 6,Was patient 2335bebd's BMI above 30 in the wave they were first diagnosed with Hypertension?,Yes -- BMI was 35.4 kg/m2 in Wave 6 when Hypertension diagnosed (2015-02-10),correct,deterministic,True
EXT_PATTERN_003,pattern,59cf17d9,All waves,How did patient 59cf17d9's total condition burden change across all waves?,"Wave 1: 20, Wave 2: 19, Wave 3: 19, Wave 4: 19, Wave 5: 19, Wave 6: 19, Wave 7: 19",correct,deterministic,True
EXT_PATTERN_004,pattern,2c71dd97,Wave 5,Did patient 2c71dd97 receive a new medication in the same wave as their highest recorded BMI?,"Yes -- BMI peaked at 48.5 kg/m2 in Wave 5, 'Clopidogrel 75 MG Oral Tablet' prescribed that wave",correct,deterministic,True
EXT_PATTERN_005,pattern,cae10920,All waves,"Across patient cae10920's full history, what percentage of their observations were cardiovascular measurements (Systolic Blood Pressure, Diastolic Blood Pressure, Heart rate)?",3.8% (285 cardiovascular out of 7565 total observations),correct,deterministic,True
