question_id,category,question,gold_answer,t2p_answer,grade
EXT_TRAJ_001,trajectory,"Across all waves, in which wave did patient 2c71dd97 reach their peak recorded Body Mass Index?",Wave 5 (48.5 kg/m2),No Body Mass Index readings in Wave 1 for patient 2c71dd97.,incorrect
EXT_TRAJ_002,trajectory,Did patient c85bba08's Body Mass Index show an overall increasing trend across all waves they appear in?,Yes -- BMI increased from 16.8 kg/m2 (Wave 5) to 30.6 kg/m2 (Wave 7),Insufficient data for Body Mass Index in Wave 1 or Wave 100.,incorrect
EXT_TRAJ_004,trajectory,"Across all waves, what was the range of Body Weight recorded for patient 1686a27e (min to max)?",30.9 kg (Wave 5) to 97.2 kg (Wave 7),"ERROR: int() argument must be a string, a bytes-like object or a real number, not 'NoneType'",incorrect
EXT_TRAJ_005,trajectory,In which wave did patient 09cbb3f1 have the highest number of distinct observations recorded?,Wave 5 (70 distinct observation types),Anemia (disorder); Body mass index 30+ - obesity (finding); Chronic kidney disease stage 1 (disorder); Diabetes; Diabetic renal disease (disorder); Hypertriglyceridemia (disorder); Metabolic syndrome X (disorder),incorrect
EXT_COMORBID_001,comorbidity,In how many waves was patient 449a9a85 recorded with both Hypertension and at least one other active condition?,7 waves,4,incorrect
EXT_COMORBID_002,comorbidity,Which condition was diagnosed first for patient 13c98b78 -- Hypertension or Anemia (disorder)?,"Hypertension was diagnosed first (Wave 2, 1996-05-30)",No conditions found in Wave 1 for patient 13c98b78.,incorrect
EXT_COMORBID_003,comorbidity,Did patient 99070f34 ever have three or more conditions diagnosed in the same wave?,Yes -- Wave 6 had 12 conditions: Acute bronchitis (disorder); Prediabetes; Sprain of ankle; Escherichia coli urinary tract infection; Anemia (disorder) (and 7 more),15,incorrect
EXT_COMORBID_004,comorbidity,Was patient 0ace3e15 already diagnosed with Hypertension when they were first diagnosed with Viral sinusitis (disorder)?,"Yes -- Hypertension Wave 3 (2004-05-26), Viral sinusitis (disorder) Wave 5 (2014-03-16)",Insufficient SBP data before or after diagnosis.,incorrect
EXT_COMORBID_005,comorbidity,In which wave did patient 6ec18ddf have the highest comorbidity burden (most simultaneous active conditions)?,Wave 3 with 21 active conditions,Anemia (disorder); Chronic kidney disease stage 1 (disorder); Chronic sinusitis (disorder); Diabetes; Diabetic renal disease (disorder); Diabetic retinopathy associated with type II diabetes mellitus (disorder); Hypertension; Hypertriglyceridemia (disorder); Metabolic syndrome X (disorder); Polyp of colon; Prediabetes,incorrect
EXT_MED_001,medication,How many unique medications was patient 3f336702 ever prescribed across all waves?,18 unique medications,22,incorrect
EXT_MED_002,medication,In which wave was patient 4f9dcdaa first prescribed any medication?,"Wave 1 (1990-01-02, 120 ACTUAT Fluticasone propionate 0.044 MG/ACTUAT Metered Dose Inhaler)",No conditions found in Wave 1 for patient 4f9dcdaa.,incorrect
EXT_MED_003,medication,Did patient 010d4a3a receive a new medication in the same wave they were first diagnosed with Hypertension?,"Yes -- Hydrochlorothiazide 25 MG Oral Tablet prescribed Wave 6 (2016-07-24), same wave as Hypertension diagnosis (2016-07-24)",No conditions found in Wave 0 for patient 010d4a3a.,incorrect
EXT_MED_005,medication,Was patient d5e83f2c prescribed more medications in later waves than earlier waves?,Yes -- 1 medications in early waves (W1/W2/W3) vs 12 in later waves (W4/W5/W6),Insufficient data for Medications in Wave 1 or Wave 2.,incorrect
EXT_INTRAWAVE_001,intrawave,How many distinct vital sign types were recorded for patient 09cbb3f1 in Wave 5?,70 distinct types,4,incorrect
EXT_INTRAWAVE_002,intrawave,What was the maximum recorded Systolic Blood Pressure for patient 14289f20 within Wave 6?,201 mm[Hg] (2017-01-07),168.9 mm[Hg],incorrect
EXT_INTRAWAVE_005,intrawave,How many of patient 252fc319's conditions in Wave 5 were new (not present in any prior wave)?,9 new conditions: Acute bacterial sinusitis (disorder); Acute viral pharyngitis (disorder); Anemia (disorder); Facial laceration; Fetus with unknown complication (and 4 more),15,incorrect
EXT_PATTERN_001,pattern,Did patient 3f336702's medication count increase in the same wave they were diagnosed with a new condition?,"Yes -- Wave 6: new condition 'Acute bronchitis (disorder)', medications increased from 757 to 970",No conditions found in Wave 0 for patient 3f336702.,incorrect
EXT_PATTERN_002,pattern,Was patient 2335bebd's BMI above 30 in the wave they were first diagnosed with Hypertension?,Yes -- BMI was 35.4 kg/m2 in Wave 6 when Hypertension diagnosed (2015-02-10),ERROR: 'wave_a',incorrect
EXT_PATTERN_004,pattern,Did patient 2c71dd97 receive a new medication in the same wave as their highest recorded BMI?,"Yes -- BMI peaked at 48.5 kg/m2 in Wave 5, 'Clopidogrel 75 MG Oral Tablet' prescribed that wave",No Body Mass Index readings in Wave 0 for patient 2c71dd97.,incorrect
EXT_PATTERN_005,pattern,"Across patient cae10920's full history, what percentage of their observations were cardiovascular measurements (Systolic Blood Pressure, Diastolic Blood Pressure, Heart rate)?",3.8% (285 cardiovascular out of 7565 total observations),"ERROR: int() argument must be a string, a bytes-like object or a real number, not 'NoneType'",incorrect
