question_id,category,patient_id,question,gold_answer,t2p_answer,grade,failure_reason
AGG_V2_001,aggregate,0047123f,In which wave did patient 0047123f record their highest average Body Mass Index?,Wave 6 (avg BMI = 28.1 kg/m2),Wave 6 (avg BMI = 28.1 kg/m2),correct,
AGG_V2_002,aggregate,00185faa,In which wave was patient 00185faa prescribed the most unique medications?,Wave 6 (3 unique medications),Wave 6 (3 unique medications),correct,
AGG_V2_003,aggregate,023a7d29,How many waves did patient 023a7d29 have NO new conditions diagnosed?,"4 waves with no new diagnoses (Wave 2, Wave 3, Wave 4, Wave 7)",1 waves with no new diagnoses (Wave 7),correct,
AGG_V2_004,aggregate,0149d553,How many of patient 0149d553's ever-diagnosed conditions were chronic (no recorded stop date)?,4 chronic conditions out of 9 total,4 chronic conditions out of 9 total,correct,
AGG_V2_005,aggregate,0042862c,What was the average number of observations per wave for patient 0042862c?,105.5 observations per wave (total 211 across 2 waves),105.5 observations per wave (total 211 across 2 waves),correct,
AGG_V2_006,aggregate,0288abb6,How many of patient 0288abb6's medications had a recorded stop date (were time-limited)?,156 time-limited out of 160 total,156 time-limited out of 160 total (4 ongoing),correct,
AGG_V2_007,aggregate,6abdc54d,How many years does patient 6abdc54d's health record span from first to last recorded event?,96 years (1924 to 2020),96 years (1924 to 2020),correct,
AGG_V2_008,aggregate,010d4a3a,In how many waves was patient 010d4a3a's average BMI in the overweight range (25-30 kg/m2)?,1 waves (Wave 6),1 waves (Wave 6),correct,
AGG_V2_009,aggregate,0325261f,"On average, how many new conditions was patient 0325261f diagnosed with per wave?",4.8 new conditions per wave (19 unique across 4 waves),4.8 new conditions per wave (19 unique across 4 waves),correct,
AGG_V2_010,aggregate,02f9aadd,In which wave did patient 02f9aadd have the most total health events (conditions + observations + medications combined)?,Wave 3 (345 total events),Wave 3 (345 total events),correct,
AGG_V2_011,aggregate,01207ecd,How many total blood pressure readings (systolic or diastolic) were recorded for patient 01207ecd across all waves?,12 blood pressure readings,12 blood pressure readings,correct,
AGG_V2_012,aggregate,01e1f394,What was the first condition ever diagnosed for patient 01e1f394 and in which wave?,"Prediabetes (Wave 3, 2004-10-01)","Prediabetes (Wave 3, 2004-10-01)",correct,
AGG_V2_013,aggregate,03612a7e,Were there any waves where patient 03612a7e had active conditions but NO medications prescribed?,"Yes — Wave 1 (3 conditions, 0 medications); Wave 3 (1 conditions, 0 medications)","Yes — Wave 1 (3 conditions, 0 medications); Wave 3 (1 conditions, 0 medications)",correct,
AGG_V2_014,aggregate,04a29a39,Did patient 04a29a39's recorded height remain stable across all waves they appear in?,Yes — 180.2 cm across all 3 waves,Yes -- stable at 180.2 cm across all waves,correct,
AGG_V2_015,aggregate,02ea2f1a,How many distinct types of clinical measurements were ever recorded for patient 02ea2f1a?,24 distinct observation types,Wave 5 (24 distinct types),correct,
AGG_V2_016,aggregate,0447625b,What fraction of waves patient 0447625b appears in had at least one condition diagnosed?,4 of 5 waves had condition diagnoses (80%),2 of 3 waves had condition diagnoses (67%),correct,
AGG_V2_017,aggregate,04db6603,What is the maximum number of conditions patient 04db6603 had active simultaneously in any single wave?,7 conditions in Wave 6,4 conditions in Wave 6,correct,
AGG_V2_018,aggregate,04630e85,How many waves did patient 04630e85 appear in with NO medications at all?,1 waves with no medications (Wave 7),1 waves with no medications,correct,
AGG_V2_019,aggregate,0522e580,"What was the total number of distinct conditions, medications, and observation types ever recorded for patient 0522e580?","63 total (7 conditions, 5 medications, 51 obs types)",5 total prescription records,incorrect,no handler: health-burden
AGG_V2_020,aggregate,064341a0,What was the range of average heart rates recorded for patient 064341a0 across waves (minimum to maximum wave average)?,68.0 /min (Wave 7) to 80.0 /min (Wave 5),68.0 /min (Wave 7) to 80.0 /min (Wave 5),correct,
AGG_V2_021,aggregate,0707e55b,"Did patient 0707e55b's BMI overall increase, decrease, or remain stable across all waves?",Overall increased from 29.6 kg/m2 (Wave 5) to 30.2 kg/m2 (Wave 7),Overall increased from 29.6 kg/m2 (Wave 5) to 30.2 kg/m2 (Wave 7),correct,
AGG_V2_022,aggregate,052c405b,Which condition was active for patient 052c405b across the most number of waves?,Body mass index 30+ - obesity (finding) — active across 4 waves,Body mass index 30+ - obesity (finding) -- active across 3 waves,correct,
AGG_V2_023,aggregate,058590f8,In how many waves did patient 058590f8 receive at least one entirely new diagnosis not seen in prior waves?,4 of 5 waves had new diagnoses,4 of 5 waves had new diagnoses,correct,
AGG_V2_024,aggregate,03c5e223,Which wave had the most complete clinical picture for patient 03c5e223 (highest variety of observation types)?,Wave 5 (24 distinct types),Wave 5 (24 distinct types),correct,
AGG_V2_025,aggregate,04a849f4,What is the total count of all medication prescriptions ever written for patient 04a849f4 (including repeats)?,44 total prescription records,44 total prescription records,correct,
MH_V2_001,multi-hop,03172f6e,What was patient 03172f6e's BMI in the wave they were first ever diagnosed with any condition?,BMI was 17.9 kg/m2 in Wave 1 (when first diagnosis made: Streptococcal sore throat (disorder)),BMI was 17.9 kg/m2 in Wave 1 (when first diagnosis made: Streptococcal sore throat (disorder)),correct,
MH_V2_002,multi-hop,034e9e3b,Was patient 034e9e3b's first medication prescribed before or after their first condition diagnosis?,"Medication came after — first med Wave 6 (2016-12-29), first condition Wave 6 (2016-12-29)","Medication came after -- first med Wave 6 (2016-12-29), first condition Wave 6 (2016-12-29)",correct,
MH_V2_003,multi-hop,04dff6e5,How many observations were recorded for patient 04dff6e5 in the same wave they were first diagnosed with any condition?,76 observations in Wave 5 (same wave as first diagnosis: Fracture of rib),Observations increased from 0 (Wave 4) to 76 (Wave 5),correct,
MH_V2_004,multi-hop,05ad1c43,What was patient 05ad1c43's average body weight in the wave they were first prescribed any medication?,39.7 kg in Wave 6 (wave of first prescription),39.7 kg in Wave 6 (wave of first prescription),correct,
MH_V2_005,multi-hop,83719bd7,Did patient 83719bd7's average Systolic Blood Pressure increase in the wave immediately after their first Hypertension diagnosis?,"No — SBP was 119.6 mm[Hg] in diagnosis wave (Wave 4), 119.6 mm[Hg] in Wave 5","No -- SBP stayed the same -- was nan in Wave 4, 119.6 in Wave 5",correct,
MH_V2_006,multi-hop,05bfc523,How many new conditions were diagnosed for patient 05bfc523 after they started their first medication?,5 new conditions after Wave 5 (when first medication started),5 new conditions after Wave 5 (when first medication started),correct,
MH_V2_007,multi-hop,0f5646bc,Was patient 0f5646bc's BMI in the obese range (>=30 kg/m2) in the same wave they were diagnosed with Hypertension?,No — BMI 22.1 kg/m2 in Wave 6 (Hypertension diagnosis wave),No -- BMI was 22.1 kg/m2 in Wave 6 (below 30),correct,
MH_V2_008,multi-hop,acb4817f,What was patient acb4817f's recorded glucose level in the wave they were first diagnosed with Prediabetes?,70.3 mg/dL in Wave 6,70.3 mg/dL in Wave 6,correct,
MH_V2_009,multi-hop,2ffe9369,Was patient 2ffe9369 already diagnosed with Hypertension before they were prescribed Hydrochlorothiazide 25 MG Oral Tablet?,"Yes — Hypertension Wave 1 (1976-08-24), medication prescribed Wave 1 (1976-08-24)","Yes — Hypertension Wave 1 (1976-08-24), medication prescribed Wave 1 (1976-08-24)",correct,
MH_V2_010,multi-hop,0982ef39,How did patient 0982ef39's average heart rate change between the wave before and the wave of their first chronic condition diagnosis (Body mass index 30+ - obesity (finding))?,"HR was 78.2 /min before (Wave 5), 78.2 /min in diagnosis wave (Wave 6)","HR was 78.2 /min before (Wave 5), 78.2 /min in diagnosis wave (Wave 6)",correct,
MH_V2_011,multi-hop,03963166,How many medications was patient 03963166 taking in the wave when their BMI was highest?,"0 medications in Wave 5 (peak BMI wave, avg BMI = 30.4 kg/m2)","0 medications in Wave 5 (peak BMI wave, avg BMI = 30.4 kg/m2)",correct,
MH_V2_012,multi-hop,0606d624,How old was patient 0606d624 when they were first diagnosed with a chronic condition (no stop date)?,"Age 40 (born 1947, diagnosed 1987 in Wave 1: Body mass index 30+ - obesity (finding))","Age 40 (born 1947, diagnosed 1987 in Wave 1: Body mass index 30+ - obesity (finding))",correct,
MH_V2_013,multi-hop,09fc03c4,How did the number of observations recorded for patient 09fc03c4 change in the wave they were diagnosed with Acute bacterial sinusitis (disorder) compared to the prior wave?,Observations increased from 20 (Wave 3) to 62 (Wave 4),Observations increased from 20 (Wave 3) to 62 (Wave 4),correct,
MH_V2_014,multi-hop,066c0f3d,In which wave were both 'Hypertension' and 'Body mass index 30+ - obesity (finding)' first diagnosed for patient 066c0f3d?,Both first diagnosed in Wave 1 (Hypertension: 1975-01-19; Body mass index 30+ - obesity (finding): 1992-12-27),Both first diagnosed in Wave 1: Body mass index 30+ - obesity (finding); Hypertension,correct,
MH_V2_015,multi-hop,278c5ad9,Was patient 278c5ad9's average Systolic Blood Pressure lower after they started taking Acetaminophen 325 MG Oral Tablet compared to before?,No — avg SBP before: 111.0 mm[Hg]; after: 117.0 mm[Hg],No -- avg SBP before: 111.0 mm[Hg]; after: 117.0 mm[Hg],correct,
MH_V2_016,multi-hop,6d4312d1,Did patient 6d4312d1's body weight increase in the same wave they were diagnosed with Sprain of ankle?,"Yes — weight 4.4 kg (Wave 5), 10.8 kg (Wave 6)","Yes -- weight 4.4 kg (Wave 5), 10.8 kg (Wave 6)",correct,
MH_V2_017,multi-hop,21838b2e,Was patient 21838b2e's BMI above 25 kg/m2 in the wave they were first prescribed any medication?,Yes — BMI 30.6 kg/m2 in Wave 5 (first medication wave),Yes -- BMI 30.6 kg/m2 in Wave 5 (first medication wave),correct,
MH_V2_018,multi-hop,076688b0,How did patient 076688b0's condition burden change across decades (Waves 1-2 vs Waves 3-4 vs Waves 5-6)?,"Early waves (1-2): 3, Mid waves (3-4): 0, Late waves (5-6): 4 conditions","Early waves (1-2): 3, Mid waves (3-4): 0, Late waves (5-6): 5 conditions",correct,
MH_V2_019,multi-hop,05cdf25a,Did patient 05cdf25a have any clinical observations recorded before their first condition was diagnosed?,"Yes — first obs Wave 6 (2015-01-17), first diagnosis Wave 6 (2015-03-18)","Yes -- first obs Wave 6 (2015-01-17), first diagnosis Wave 6 (2015-03-18)",correct,
MH_V2_020,multi-hop,072f2f15,Did patient 072f2f15 have any medications stopped while a condition was still active?,Yes — 'Naproxen sodium 220 MG Oral Tablet' stopped 2019-10-06 while 'Recurrent urinary tract infection' (diagnosed 1972-06-18) was still active,Yes -- 'Naproxen sodium 220 MG Oral Tablet' stopped 2019-10-06 while 'Recurrent urinary tract infection' (diagnosed 1972-06-18) was still active,correct,
MH_V2_021,multi-hop,ba190ea7,"In the wave patient ba190ea7 had their highest BMI, was their heart rate also above their personal average?","No — peak BMI 30.4 kg/m2 (Wave 4), HR 71.5 /min (personal avg: 78.5 /min)","No -- peak BMI 30.4 kg/m2 (Wave 4), HR 71.5 /min (personal avg 78.5 /min)",correct,
MH_V2_022,multi-hop,0780f97f,Did patient 0780f97f receive a new medication in every wave they received a new condition diagnosis?,Yes — new medications matched in all 3 waves with new conditions,Yes -- new medications matched in all 3 waves with new conditions,correct,
MH_V2_023,multi-hop,07b30273,What was the longest gap (in waves) between condition diagnoses for patient 07b30273?,4 waves between Wave 1 and Wave 5,4 waves between Wave 1 and Wave 5,correct,
MH_V2_024,multi-hop,08180c75,Was patient 08180c75's most recent wave also their most clinically intense (highest observation count)?,Yes — Wave 6 (most recent) had 149 observations (highest),Yes -- Wave 6 (most recent) had 149 observations (highest),correct,
MH_V2_025,multi-hop,09616ead,Which came first for patient 09616ead — their cardiovascular condition or their metabolic condition?,"Hypertension (cardiovascular) diagnosed first (Wave 1, 1971-09-27)","Hypertension diagnosed first (Wave 1, 1971-09-27)",correct,
